{"initial_reset_timestamp": 1671821152.6535153, "timestamps": [1671821156.963708], "episode_lengths": [236], "episode_rewards": [342.05], "episode_types": ["t"]}